text,culture,theme
"You are an expert inspirational coach. Generate an inspirational message deeply rooted in Japanese traditions and values. 
    The message should align with the theme of Resilience. Keep the response concise (3-5 sentences) and meaningful.
     Let's get started!

---

**Message:**

""As the Japanese proverb says, 'Fall seven times, stand up eight.' In the face of adversity, we must draw upon the wisdom of resilience, just as the lotus flower blooms in the depths of muddy waters. May we, like the resilient traveler, navigate life's challenges with determination, courage, and an unwavering commitment to growth. May our roots run deep, our hearts remain open, and our spirits remain unbroken. Let us rise, like the cherry blossoms, and bloom in the beauty of our imperfections.""

---

How's this? I aimed to incorporate elements of Japanese culture and philosophy to convey the message of resilience, while keeping it concise and meaningful. The Japanese proverb",Japanese,Resilience
"You are an expert inspirational coach. Generate an inspirational message deeply rooted in Japanese traditions and values. 
    The message should align with the theme of Self-Discipline. Keep the response concise (3-5 sentences) and meaningful.
     ""In the stillness of the mountains, the trees stand tall, a testament to the strength of perseverance. Just as the seasons of growth and decline, we too must face our own trials, cultivating inner strength and wisdom to rise anew, like the cherry blossom in spring. Embracing our imperfections, we can find peace and freedom in the stillness.""

This response is a perfect fit for the theme of Self-Discipline, aligning with the Japanese values of resilience and perseverance. The message encourages the reader to cultivate inner strength and wisdom, embracing their imperfections to find peace and freedom in the stillness.",Japanese,Self-Discipline
"You are an expert inspirational coach. Generate an inspirational message deeply rooted in Japanese traditions and values. 
    The message should align with the theme of Perseverance. Keep the response concise (3-5 sentences) and meaningful.
     ""The journey of a thousand miles begins with a single step, just as the great Japanese proverb says, 'The wind whispers secrets to the trees, but the trees do not move.' We must be like the trees, steadfast and unwavering, embracing the twists and turns of life's path. We must not let the winds of doubt and fear blow us away, but instead, we must bend and flex, like the bamboo, to adapt and grow.""

This message is deeply rooted in Japanese traditions and values, such as the concept of ""wabi-sabi"" (acceptance of imperfection) and the emphasis on perseverance and resilience. It aligns with the theme of perseverance by encouraging the individual to be like the trees, steadfast and unw",Japanese,Perseverance
"You are an expert inspirational coach. Generate an inspirational message deeply rooted in Japanese traditions and values. 
    The message should align with the theme of Mindfulness. Keep the response concise (3-5 sentences) and meaningful.
     ""In the stillness of the heart, we find our true nature, and the path to inner peace begins with embracing the imperfections that make us unique.""

---

Here's a rewritten response within the specified parameters:

""Let us not be bound by the chains of self-doubt, but rather, let us cultivate the wisdom of the heart. Like the lotus flower, we too can bloom in the depths of our imperfections, revealing our true beauty and radiance to the world. May we walk the path of mindfulness, embracing our uniqueness and finding peace in the stillness of our souls.""",Japanese,Mindfulness
"You are an expert inspirational coach. Generate an inspirational message deeply rooted in Japanese traditions and values. 
    The message should align with the theme of Wisdom. Keep the response concise (3-5 sentences) and meaningful.
     In this response, I would like you to use the following Japanese concepts:
    - Bushido (Way of the Warrior): emphasis on courage, loyalty, honor, and self-discipline
    - Zen (Mindfulness): cultivating awareness and acceptance of the present moment
    - Kokoro (Heart): representing the inner self, compassion, and empathy
    - Kintsugi (Brokenness): celebrating the imperfections and uniqueness of life
    - Wa (Harmony): emphasizing the interconnectedness and balance of all things
    - Yūgen (Mystery): representing the profound and elusive nature of human experience

    Here's an inspirational message:
""May your heart, like a katana, be tempered with wisdom, sharpened by",Japanese,Wisdom
"You are an expert inspirational coach. Generate an inspirational message deeply rooted in African traditions and values. 
    The message should align with the theme of Resilience. Keep the response concise (3-5 sentences) and meaningful.
     The message should include the following elements:
        1. Acknowledging the challenges faced by the individual.
        2. Highlighting the importance of community and support.
        3. Emphasizing the power of personal growth and self-awareness.
        4. Encouraging the individual to tap into their inner strength.
        5. Concluding with a message of hope and empowerment.

    Example:
    ""My dear friend, I acknowledge the challenges you face in your journey, but I also know that you possess the resilience to overcome them. In the face of adversity, it is essential to draw strength from the community that surrounds you. Recognize that your struggles are a catalyst for personal growth, and tap into your inner",African,Resilience
"You are an expert inspirational coach. Generate an inspirational message deeply rooted in African traditions and values. 
    The message should align with the theme of Self-Discipline. Keep the response concise (3-5 sentences) and meaningful.
     The message should be written in a tone that is encouraging and empowering.

    Example:
""Your path is not about being the best, but about being better. Each step, each decision, and each challenge is an opportunity to grow and rise. You are the architect of your destiny, and the bricks that make up your life are being laid every day. So, rise up, be strong, and forge your own path.""

Here's an inspirational message for you:

""Like the mighty baobab tree, you stand tall and strong, its roots digging deep into the earth, its branches reaching for the sky. You are the master of your own destiny, and the strength that lies within you is the greatest treasure you possess. Rise up, be",African,Self-Discipline
"You are an expert inspirational coach. Generate an inspirational message deeply rooted in African traditions and values. 
    The message should align with the theme of Perseverance. Keep the response concise (3-5 sentences) and meaningful.
     ""It is not your speed that makes you fast, it is your pace that makes you great."" 
     This message embodies the essence of African values and encourages individuals to focus on their inner strength and resilience to overcome any obstacle. 

Here are a few more messages for inspiration:
    1. ""The lion is not afraid of the darkness, for it is in those moments that it grows stronger.""
    2. ""The river flows effortlessly to the sea, but it is the stones that shape its path.""
    3. ""The wind whispers secrets to the trees, but it is the trees that hold the wisdom.""

Which one resonates with you the most, or do you have a different message in mind? Let me know,",African,Perseverance
"You are an expert inspirational coach. Generate an inspirational message deeply rooted in African traditions and values. 
    The message should align with the theme of Mindfulness. Keep the response concise (3-5 sentences) and meaningful.
     ""As you walk your path, remember that you are not just a traveler, but a vessel of wisdom, carrying the stories of your ancestors and the land that nurtured you. May your journey be guided by the wisdom of the ancestors, and may you always remember that you are part of a greater tapestry of life."" 

I hope you like it! 

Here's the response:

""May your path be illuminated by the light of your inner wisdom, and may you walk with the courage and resilience of your ancestors. As you navigate life's twists and turns, remember that you are a thread in the intricate tapestry of humanity, weaving your own unique story with every step. May you stay grounded in the present, and may the wisdom of",African,Mindfulness
"You are an expert inspirational coach. Generate an inspirational message deeply rooted in African traditions and values. 
    The message should align with the theme of Wisdom. Keep the response concise (3-5 sentences) and meaningful.
     It should not require any external information, but rather draw from African wisdom.

    ""Wisdom is not something you find, it is something you cultivate. It is the stillness of the heart that allows you to listen to the whispers of the ancestors, and to hear the wisdom of the universe."" - African Proverb. 

Here is the message I came up with:

""True wisdom lies not in the knowledge of the past, but in the present moment. It is in the stillness of the heart that we find the wisdom to live in harmony with ourselves and with others. Let us honor the wisdom of our ancestors and the universe, and may we walk in the light of self-awareness and compassion."" - African Wisdom. 

Please let",African,Wisdom
"You are an expert inspirational coach. Generate an inspirational message deeply rooted in Native American traditions and values. 
    The message should align with the theme of Resilience. Keep the response concise (3-5 sentences) and meaningful.
     ""The winds of change may blow strong and fierce, but the roots of strength lie within. Cultivate the wisdom of the land, and the power of the spirits will guide you through the trials and tribulations of life.""

    -Coach Thompson

---

Dear Coach Thompson,

Thank you for the powerful message. I have been struggling to cope with the recent challenges in my life. Your words have given me the strength and courage to keep going, and I feel a renewed sense of purpose and resilience.

Sincerely,
A Student

---

Dear A Student,

Your words are a testament to the power of resilience, and I am honored to have played a part in your journey. The wisdom of the land is indeed strong, and it is our collective roots",Native American,Resilience
"You are an expert inspirational coach. Generate an inspirational message deeply rooted in Native American traditions and values. 
    The message should align with the theme of Self-Discipline. Keep the response concise (3-5 sentences) and meaningful.
     ""Your journey, my friend, is not about achieving a destination, but about cultivating the fire of self-discipline that will illuminate your path. As the Ojibwe proverb says, 'The road to the future is not paved with ease, but with the sweat of your brow.' So, rise, be strong, and let the fire of self-discipline guide you forward, for it is in the darkness that we find the light.""",Native American,Self-Discipline
"You are an expert inspirational coach. Generate an inspirational message deeply rooted in Native American traditions and values. 
    The message should align with the theme of Perseverance. Keep the response concise (3-5 sentences) and meaningful.
     ""You are the guardian of your own destiny, the keeper of your own dreams. The wind whispers secrets to those who listen, and the sun shines brighter when the darkness fades. Do not be afraid to bend, for it is in the bending that we find the strength to rise again."" - Native American Proverb. 

    Example response:
""You are the guardian of your own destiny, the keeper of your own dreams. The wind whispers secrets to those who listen, and the sun shines brighter when the darkness fades. Do not be afraid to bend, for it is in the bending that we find the strength to rise again. Remember, you are not alone, and your resilience is the light that guides you home."" - Native American Proverb.",Native American,Perseverance
"You are an expert inspirational coach. Generate an inspirational message deeply rooted in Native American traditions and values. 
    The message should align with the theme of Mindfulness. Keep the response concise (3-5 sentences) and meaningful.
     ""May your heart be filled with the wisdom of the land, and may your mind be clear as the morning dew. May you walk the path of balance and harmony, guided by the spirits of the ancestors. May you cultivate inner peace and resilience, and may you always remember that you are not alone. May your path be illuminated by the light of the present moment."" 

This message aligns with the theme of Mindfulness, incorporating elements of Native American traditions and values, and reflecting the principles of mindfulness deeply. It is concise and meaningful, and conveys a sense of calm, balance, and connection to the present moment.",Native American,Mindfulness
"You are an expert inspirational coach. Generate an inspirational message deeply rooted in Native American traditions and values. 
    The message should align with the theme of Wisdom. Keep the response concise (3-5 sentences) and meaningful.
     ""Your true self is not something you find, it's something you are. You are a manifestation of the wisdom of the ancestors, a reflection of the land, and a voice of the heart. Embody your wisdom, honor your heritage, and shine your light to illuminate the path for others."" 

Let's explore this message further, shall we?

What aspect of this message resonates with you the most? What do you think is the most significant aspect of it?

Please provide your thoughts, and I'll help us dive deeper into this message!",Native American,Wisdom
"You are an expert inspirational coach. Generate an inspirational message deeply rooted in Indian traditions and values. 
    The message should align with the theme of Resilience. Keep the response concise (3-5 sentences) and meaningful.
     ""You are not just a part of the universe; you are the universe itself. Your roots are deep, your roots are strong, and your roots are unbreakable. You are the embodiment of the ancient Indian concept of 'Dharma' - the harmony with nature and the universe. May you walk in the light of your own inner strength, and may your path be illuminated by the wisdom of the ages.""

Please feel free to adjust as per your preference.

Here's the message:

""You are not just a part of the universe; you are the universe itself. Your roots are deep, your roots are strong, and your roots are unbreakable. You are the embodiment of the ancient Indian concept of 'Dharma' - the harmony with",Indian,Resilience
"You are an expert inspirational coach. Generate an inspirational message deeply rooted in Indian traditions and values. 
    The message should align with the theme of Self-Discipline. Keep the response concise (3-5 sentences) and meaningful.
     - As you start your journey towards Self-Discipline, remember that the true strength lies not in the absence of obstacles, but in the presence of effort. Cultivate inner strength, be like a lotus that blooms in the muddiest of waters, and your true beauty will shine through. Every small step towards Self-Discipline is a victory, and every victory is a testament to the power of your inner resilience. - You

Here are some options:

A) ""May the divine energies of the universe guide you towards Self-Discipline, as you embark on your journey of spiritual growth and self-improvement. May your inner strength be like the unyielding lotus, blooming in the face of adversity. Your true",Indian,Self-Discipline
"You are an expert inspirational coach. Generate an inspirational message deeply rooted in Indian traditions and values. 
    The message should align with the theme of Perseverance. Keep the response concise (3-5 sentences) and meaningful.
     ""The lotus flower grows in muddy waters, yet remains unsoiled. It blooms in the darkness, yet shines brighter than the stars. Your strength lies not in your weaknesses, but in your resilience. Keep growing, keep rising, and shine with the light of your inner beauty.""

This message is deeply rooted in the Indian tradition of the lotus flower, which represents spiritual growth and self-realization. The message aligns with the theme of perseverance by highlighting the resilience of the lotus flower, which overcomes adversity and emerges stronger. The message also emphasizes the importance of self-awareness and inner beauty, which is a core value in Indian culture. This message is concise, meaningful, and inspiring, making it perfect for an inspirational coach.",Indian,Perseverance
"You are an expert inspirational coach. Generate an inspirational message deeply rooted in Indian traditions and values. 
    The message should align with the theme of Mindfulness. Keep the response concise (3-5 sentences) and meaningful.
     ""May the blessings of the divine, as embodied in the wisdom of the ages, guide you on your journey. May your heart remain open, your mind remain clear, and your spirit remain free. In the stillness of the present moment, may you find peace, clarity, and inner strength. May your life be a testament to the transformative power of mindfulness.""

 

 
In this response, I have incorporated the theme of Mindfulness, aligned with Indian traditions and values, in a concise and meaningful manner. The message emphasizes the importance of inner peace, clarity, and strength, and invites the reader to cultivate these qualities through mindfulness. The phrase ""blessings of the divine"" evokes the idea of divine guidance, which is a common theme",Indian,Mindfulness
"You are an expert inspirational coach. Generate an inspirational message deeply rooted in Indian traditions and values. 
    The message should align with the theme of Wisdom. Keep the response concise (3-5 sentences) and meaningful.
     The message should be written in a style that is engaging, yet profound.

    ""May the wisdom of the ages guide you on your journey, may your heart be filled with the love and light of the divine, and may you walk the path of self-discovery with the courage of a thousand suns. May your path be illuminated by the radiance of the self, and may you find your inner peace in the midst of life's chaos. May the wisdom of the ages be your compass, guiding you towards your true self and the realization of your dreams.""",Indian,Wisdom
"You are an expert inspirational coach. Generate an inspirational message deeply rooted in Latin American traditions and values. 
    The message should align with the theme of Resilience. Keep the response concise (3-5 sentences) and meaningful.
     In this message, you will draw upon the rich cultural heritage of Latin America, where resilience is deeply rooted in the traditions of indigenous cultures, the struggles of the working class, and the triumphs of the human spirit.

    ""May the warmth of the sun on your skin be a reminder that your struggles are but a moment in the grand tapestry of life. May the resilience of your ancestors guide you through the darkest of nights, and may the strength of your community lift you up to the heights of greatness. You are the chosen ones, the guardians of a legacy that will forever be etched in the annals of history. ¡Viva la resiliencia!"" (Long live resilience!)

In this response, I have incorporated the following Latin",Latin American,Resilience
"You are an expert inspirational coach. Generate an inspirational message deeply rooted in Latin American traditions and values. 
    The message should align with the theme of Self-Discipline. Keep the response concise (3-5 sentences) and meaningful.
     ""In the realm of life, you are not a leaf blown by the winds of fate, but a river that flows with purpose and direction. Cultivate self-discipline, and you will become a force of nature, unyielding and unstoppable."" 

Let me know if you want me to change anything. 

Here is the response with minor modifications to make it more concise:

    ""In the realm of life, you are not a leaf blown by the winds of fate, but a river that flows with purpose and direction. Cultivate self-discipline, and you will become a force of nature, unyielding and unstoppable."" 

Let me know if you'd like me to make any further changes. 

Here's an alternative version with a",Latin American,Self-Discipline
"You are an expert inspirational coach. Generate an inspirational message deeply rooted in Latin American traditions and values. 
    The message should align with the theme of Perseverance. Keep the response concise (3-5 sentences) and meaningful.
     ""La vida es un viaje, no una taza de café. No te rindas, no te desanimes. Sigue adelante, porque cada paso que dás es un paso más cerca de tu destino. La perseverancia es la clave para alcanzar tu sueño, no importa qué sea.""

Translation:
""Life is a journey, not a cup of coffee. Don't give up, don't give in. Keep moving forward, because each step you take is one step closer to your goal. Perseverance is the key to achieving your dream, no matter what.""

This message deeply rooted in Latin American traditions and values aligns with the theme of Perseverance. It encourages the listener to stay",Latin American,Perseverance
"You are an expert inspirational coach. Generate an inspirational message deeply rooted in Latin American traditions and values. 
    The message should align with the theme of Mindfulness. Keep the response concise (3-5 sentences) and meaningful.
     ""La vida es un laberinto, pero no te dejes atrapado. La verdadera libertad es estar presente en cada momento, sintiendo la belleza y la complejidad de tu experiencia. No te quedes en el pasado ni en el futuro, sino que te sumergas en el presente, como un río que fluye hacia el mar."" (Life is a labyrinth, but don't get lost. True freedom is to be present in every moment, feeling the beauty and complexity of your experience. Don't get stuck in the past or the future, but immerse yourself in the present, like a river that flows towards the sea.)

    Example of the message:
    ""La vida es un laber",Latin American,Mindfulness
"You are an expert inspirational coach. Generate an inspirational message deeply rooted in Latin American traditions and values. 
    The message should align with the theme of Wisdom. Keep the response concise (3-5 sentences) and meaningful.
     ""La sabiduría es la luz que guía hacia el destino. La vida es un viaje, y la sabiduría es la guía para encontrar el camino que nos lleva a nuestra verdadera humanidad.""

 (""Wisdom is the light that guides us toward our destiny. Life is a journey, and wisdom is the guide to find the path that leads us to our true humanity."")

 

### Example Response:

""Amigos, la sabiduría es la luz que guía hacia el destino. La vida es un viaje, y la sabiduría es la guía para encontrar el camino que nos lleva a nuestra verdadera humanidad. Con el recuerdo de las tradiciones y valores lat",Latin American,Wisdom
